DP00007	Homo sapiens
DP00011	Homo sapiens
DP00012	Homo sapiens
DP00016	Homo sapiens
DP00023	Homo sapiens
DP00030	Homo sapiens
DP00040	Homo sapiens
DP00054	Homo sapiens
DP00062	Homo sapiens
DP00069	Homo sapiens
DP00070	Homo sapiens
DP00075	Homo sapiens
DP00078	Homo sapiens
DP00079	Homo sapiens
DP00090	Homo sapiens
DP00092	Homo sapiens
DP00099	Homo sapiens
DP00119	Homo sapiens
DP00130	Homo sapiens
DP00134	Homo sapiens
DP00138	Homo sapiens
DP00141	Homo sapiens
DP00152	Homo sapiens
DP00156	Homo sapiens
DP00168	Homo sapiens
DP00171	Homo sapiens
DP00184	Homo sapiens
DP00214	Homo sapiens
DP00219	Homo sapiens
DP00223	Homo sapiens
DP00229	Homo sapiens
DP00231	Homo sapiens
DP00238	Homo sapiens
DP00241	Homo sapiens
DP00243	Homo sapiens
DP00260	Homo sapiens
DP00262	Homo sapiens
DP00282	Homo sapiens
DP00298	Homo sapiens
DP00304	Homo sapiens
DP00308	Homo sapiens
DP00310	Homo sapiens
DP00314	Homo sapiens
DP00319	Homo sapiens
DP00320	Homo sapiens
DP00321	Homo sapiens
DP00324	Homo sapiens
DP00327	Homo sapiens
DP00332	Homo sapiens
DP00333	Homo sapiens
DP00334	Homo sapiens
DP00356	Homo sapiens
DP00358	Homo sapiens
DP00363	Homo sapiens
DP00378	Homo sapiens
DP00385	Homo sapiens
DP00420	Homo sapiens
DP00428	Homo sapiens
DP00437	Homo sapiens
DP00445	Homo sapiens
DP00448	Homo sapiens
DP00457	Homo sapiens
DP00468	Homo sapiens
DP00472	Homo sapiens
DP00473	Homo sapiens
DP00486	Homo sapiens
DP00492	Homo sapiens
DP00506	Homo sapiens
DP00508	Homo sapiens
DP00510	Homo sapiens
DP00520	Homo sapiens
DP00521	Homo sapiens
DP00537	Homo sapiens
DP00539	Homo sapiens
DP00543	Homo sapiens
DP00549	Homo sapiens
DP00553	Homo sapiens
DP00554	Homo sapiens
DP00562	Homo sapiens
DP00565	Homo sapiens
DP00608	Homo sapiens
DP00611	Homo sapiens
DP00616	Homo sapiens
DP00630	Homo sapiens
DP00633	Homo sapiens
DP00641	Homo sapiens
DP00670	Homo sapiens
DP00672	Homo sapiens
DP00694	Homo sapiens
DP00702	Homo sapiens
DP00704	Homo sapiens
DP00706	Homo sapiens
DP00716	Homo sapiens
DP00718	Homo sapiens
DP00747	Homo sapiens
DP00748	Homo sapiens
DP00765	Homo sapiens
DP00793	Homo sapiens
DP00794	Homo sapiens
DP00816	Homo sapiens
DP00841	Homo sapiens
DP00864	Homo sapiens
DP00865	Homo sapiens
DP00893	Homo sapiens
DP00901	Homo sapiens
DP00903	Homo sapiens
DP00917	Homo sapiens
DP00930	Homo sapiens
DP00941	Homo sapiens
DP00951	Homo sapiens
DP00953	Homo sapiens
DP00961	Homo sapiens
DP00962	Homo sapiens
DP01024	Homo sapiens
DP01065	Homo sapiens
DP01066	Homo sapiens
DP01068	Homo sapiens
DP01098	Homo sapiens
DP01099	Homo sapiens
DP01100	Homo sapiens
DP01102	Homo sapiens
DP01103	Homo sapiens
DP01104	Homo sapiens
DP01108	Homo sapiens
DP01109	Homo sapiens
DP01112	Homo sapiens
DP01114	Homo sapiens
DP01115	Homo sapiens
DP01116	Homo sapiens
DP01117	Homo sapiens
DP01118	Homo sapiens
DP01119	Homo sapiens
DP01120	Homo sapiens
DP01123	Homo sapiens
DP01124	Homo sapiens
DP01131	Homo sapiens
DP01132	Homo sapiens
DP01134	Homo sapiens
DP01156	Homo sapiens
DP01158	Homo sapiens
DP01161	Homo sapiens
DP01164	Homo sapiens
DP01170	Homo sapiens
DP01172	Homo sapiens
DP01173	Homo sapiens
DP01178	Homo sapiens
DP01192	Homo sapiens
DP01203	Homo sapiens
DP01224	Homo sapiens
DP01228	Homo sapiens
DP01236	Homo sapiens
DP01240	Homo sapiens
DP01241	Homo sapiens
DP01244	Homo sapiens
DP01252	Homo sapiens
DP01253	Homo sapiens
DP01254	Homo sapiens
DP01268	Homo sapiens
DP01269	Homo sapiens
DP01271	Homo sapiens
DP01280	Homo sapiens
DP01282	Homo sapiens
DP01288	Homo sapiens
DP01292	Homo sapiens
DP01293	Homo sapiens
DP01303	Homo sapiens
DP01319	Homo sapiens
DP01325	Homo sapiens
DP01326	Homo sapiens
DP01327	Homo sapiens
DP01329	Homo sapiens
DP01333	Homo sapiens
DP01335	Homo sapiens
DP01337	Homo sapiens
DP01344	Homo sapiens
DP01396	Homo sapiens
DP01400	Homo sapiens
DP01404	Homo sapiens
DP01425	Homo sapiens
DP01427	Homo sapiens
DP01434	Homo sapiens
DP01435	Homo sapiens
DP01438	Homo sapiens
DP01443	Homo sapiens
DP01445	Homo sapiens
DP01446	Homo sapiens
DP01447	Homo sapiens
DP01449	Homo sapiens
DP01450	Homo sapiens
DP01451	Homo sapiens
DP01452	Homo sapiens
DP01457	Homo sapiens
DP01458	Homo sapiens
DP01461	Homo sapiens
DP01463	Homo sapiens
DP01465	Homo sapiens
DP01474	Homo sapiens
DP01476	Homo sapiens
DP01480	Homo sapiens
DP01484	Homo sapiens
DP01486	Homo sapiens
DP01487	Homo sapiens
DP01490	Homo sapiens
DP01491	Homo sapiens
DP01493	Homo sapiens
DP01507	Homo sapiens
DP01517	Homo sapiens
DP01524	Homo sapiens
DP01531	Homo sapiens
DP01533	Homo sapiens
DP01534	Homo sapiens
DP01542	Homo sapiens
DP01544	Homo sapiens
DP01547	Homo sapiens
DP01549	Homo sapiens
DP01551	Homo sapiens
DP01554	Homo sapiens
DP01556	Homo sapiens
DP01560	Homo sapiens
DP01564	Homo sapiens
DP01570	Homo sapiens
DP01588	Homo sapiens
DP01597	Homo sapiens
DP01598	Homo sapiens
DP01601	Homo sapiens
DP01602	Homo sapiens
DP01608	Homo sapiens
DP01613	Homo sapiens
DP01619	Homo sapiens
DP01620	Homo sapiens
DP01622	Homo sapiens
DP01626	Homo sapiens
DP01633	Homo sapiens
DP01637	Homo sapiens
DP01644	Homo sapiens
DP01647	Homo sapiens
DP01648	Homo sapiens
DP01651	Homo sapiens
DP01662	Homo sapiens
DP01668	Homo sapiens
DP01675	Homo sapiens
DP01677	Homo sapiens
DP01705	Homo sapiens
DP01724	Homo sapiens
DP01730	Homo sapiens
DP01736	Homo sapiens
DP01741	Homo sapiens
DP01747	Homo sapiens
DP01748	Homo sapiens
DP01750	Homo sapiens
DP01764	Homo sapiens
DP01765	Homo sapiens
DP01767	Homo sapiens
DP01770	Homo sapiens
DP01772	Homo sapiens
DP01781	Homo sapiens
DP01782	Homo sapiens
DP01784	Homo sapiens
DP01788	Homo sapiens
DP01790	Homo sapiens
DP01795	Homo sapiens
DP01799	Homo sapiens
DP01804	Homo sapiens
DP01805	Homo sapiens
DP01835	Homo sapiens
DP01836	Homo sapiens
DP01842	Homo sapiens
DP01844	Homo sapiens
DP01848	Homo sapiens
DP01861	Homo sapiens
DP01872	Homo sapiens
DP01876	Homo sapiens
DP01877	Homo sapiens
DP01883	Homo sapiens
DP01884	Homo sapiens
DP01898	Homo sapiens
DP01907	Homo sapiens
DP01914	Homo sapiens
DP01921	Homo sapiens
DP01935	Homo sapiens
DP01942	Homo sapiens
DP01951	Homo sapiens
DP01967	Homo sapiens
DP01976	Homo sapiens
DP01985	Homo sapiens
DP02003	Homo sapiens
DP02007	Homo sapiens
DP02009	Homo sapiens
DP02013	Homo sapiens
DP02015	Homo sapiens
DP02027	Homo sapiens
DP02072	Homo sapiens
DP02075	Homo sapiens
DP02078	Homo sapiens
DP02094	Homo sapiens
DP02096	Homo sapiens
DP02100	Homo sapiens
DP02123	Homo sapiens
DP02126	Homo sapiens
DP02142	Homo sapiens
DP02160	Homo sapiens
DP02162	Homo sapiens
DP02163	Homo sapiens
DP02164	Homo sapiens
DP02167	Homo sapiens
DP02171	Homo sapiens
DP02191	Homo sapiens
DP02224	Homo sapiens
DP02231	Homo sapiens
DP02251	Homo sapiens
DP02253	Homo sapiens
DP02254	Homo sapiens
DP02290	Homo sapiens
DP02294	Homo sapiens
DP02301	Homo sapiens
DP02302	Homo sapiens
DP02303	Homo sapiens
DP02316	Homo sapiens
DP02328	Homo sapiens
DP02333	Homo sapiens
DP02338	Homo sapiens
DP02349	Homo sapiens
DP02353	Homo sapiens
DP02360	Homo sapiens
DP02365	Homo sapiens
DP02368	Homo sapiens
DP02373	Homo sapiens
DP02375	Homo sapiens
DP02383	Homo sapiens
DP02386	Homo sapiens
DP02390	Homo sapiens
DP02396	Homo sapiens
DP02398	Homo sapiens
DP02404	Homo sapiens
DP02405	Homo sapiens
DP02408	Homo sapiens
DP02414	Homo sapiens
DP02427	Homo sapiens
DP02428	Homo sapiens
DP02431	Homo sapiens
DP02445	Homo sapiens
DP02449	Homo sapiens
DP02452	Homo sapiens
DP02455	Homo sapiens
DP02457	Homo sapiens
DP02458	Homo sapiens
DP02465	Homo sapiens
DP02467	Homo sapiens
DP02468	Homo sapiens
DP02471	Homo sapiens
DP02473	Homo sapiens
DP02475	Homo sapiens
DP02477	Homo sapiens
DP02510	Homo sapiens
DP02524	Homo sapiens
DP02529	Homo sapiens
DP02530	Homo sapiens
DP02533	Homo sapiens
DP02540	Homo sapiens
DP02545	Homo sapiens
DP02546	Homo sapiens
DP02554	Homo sapiens
DP02555	Homo sapiens
DP02558	Homo sapiens
DP02559	Homo sapiens
DP02561	Homo sapiens
DP02571	Homo sapiens
DP02572	Homo sapiens
DP02574	Homo sapiens
DP02578	Homo sapiens
DP02580	Homo sapiens
DP02585	Homo sapiens
DP02587	Homo sapiens
DP02591	Homo sapiens
DP02592	Homo sapiens
DP02594	Homo sapiens
DP02598	Homo sapiens
DP02604	Homo sapiens
DP02605	Homo sapiens
DP02606	Homo sapiens
DP02608	Homo sapiens
DP02611	Homo sapiens
DP02612	Homo sapiens
DP02616	Homo sapiens
DP02622	Homo sapiens
DP02630	Homo sapiens
DP02632	Homo sapiens
DP02634	Homo sapiens
DP02637	Homo sapiens
DP02639	Homo sapiens
DP02647	Homo sapiens
DP02649	Homo sapiens
DP02651	Homo sapiens
DP02654	Homo sapiens
DP02656	Homo sapiens
DP02658	Homo sapiens
DP02661	Homo sapiens
DP02673	Homo sapiens
DP02674	Homo sapiens
DP02676	Homo sapiens
DP02684	Homo sapiens
DP02691	Homo sapiens
DP02692	Homo sapiens
DP02694	Homo sapiens
DP02699	Homo sapiens
DP02703	Homo sapiens
DP02705	Homo sapiens
DP02706	Homo sapiens
DP02710	Homo sapiens
DP02712	Homo sapiens
DP02714	Homo sapiens
DP02724	Homo sapiens
DP02729	Homo sapiens
DP02731	Homo sapiens
DP02733	Homo sapiens
DP02742	Homo sapiens
DP02744	Homo sapiens
DP02745	Homo sapiens
DP02746	Homo sapiens
DP02747	Homo sapiens
DP02753	Homo sapiens
DP02757	Homo sapiens
DP02758	Homo sapiens
DP02759	Homo sapiens
DP02765	Homo sapiens
DP02781	Homo sapiens
DP02782	Homo sapiens
DP02783	Homo sapiens
DP02785	Homo sapiens
DP02794	Homo sapiens
DP02795	Homo sapiens
DP02797	Homo sapiens
DP02801	Homo sapiens
DP02803	Homo sapiens
DP02816	Homo sapiens
DP02824	Homo sapiens
DP02825	Homo sapiens
DP02829	Homo sapiens
DP02831	Homo sapiens
DP02832	Homo sapiens
DP02849	Homo sapiens
DP02850	Homo sapiens
DP02851	Homo sapiens
DP02852	Homo sapiens
DP02855	Homo sapiens
DP02856	Homo sapiens
DP02862	Homo sapiens
DP02868	Homo sapiens
DP02869	Homo sapiens
DP02872	Homo sapiens
DP02875	Homo sapiens
DP02885	Homo sapiens
DP02904	Homo sapiens
DP02915	Homo sapiens
DP02916	Homo sapiens
DP02918	Homo sapiens
DP02921	Homo sapiens
DP02922	Homo sapiens
DP02930	Homo sapiens
DP02954	Homo sapiens
DP02957	Homo sapiens
DP02971	Homo sapiens
DP02976	Homo sapiens
DP02977	Homo sapiens
DP02978	Homo sapiens
DP02981	Homo sapiens
DP03005	Homo sapiens
DP03010	Homo sapiens
DP03011	Homo sapiens
DP03012	Homo sapiens
DP03016	Homo sapiens
DP03042	Homo sapiens
DP03044	Homo sapiens
DP03058	Homo sapiens
DP03059	Homo sapiens
DP03061	Homo sapiens
DP03062	Homo sapiens
DP03063	Homo sapiens
DP03070	Homo sapiens
DP03074	Homo sapiens
DP03081	Homo sapiens
DP03088	Homo sapiens
DP03098	Homo sapiens
DP03100	Homo sapiens
DP03101	Homo sapiens
DP03109	Homo sapiens
DP03115	Homo sapiens
DP03118	Homo sapiens
DP03120	Homo sapiens
DP03121	Homo sapiens
DP03122	Homo sapiens
DP03125	Homo sapiens
DP03135	Homo sapiens
DP03141	Homo sapiens
DP03142	Homo sapiens
DP03143	Homo sapiens
DP03144	Homo sapiens
DP03151	Homo sapiens
DP03152	Homo sapiens
DP03153	Homo sapiens
DP03158	Homo sapiens
DP03159	Homo sapiens
DP03161	Homo sapiens
DP03162	Homo sapiens
DP03163	Homo sapiens
DP03166	Homo sapiens
DP03168	Homo sapiens
DP03169	Homo sapiens
DP03170	Homo sapiens
DP03173	Homo sapiens
DP03179	Homo sapiens
DP03182	Homo sapiens
DP03185	Homo sapiens
DP03186	Homo sapiens
DP03191	Homo sapiens
DP03192	Homo sapiens
DP03199	Homo sapiens
DP03203	Homo sapiens
DP03205	Homo sapiens
DP03206	Homo sapiens
DP03209	Homo sapiens
DP03211	Homo sapiens
DP03216	Homo sapiens
DP03223	Homo sapiens
DP03225	Homo sapiens
DP03228	Homo sapiens
DP03229	Homo sapiens
DP03230	Homo sapiens
DP03232	Homo sapiens
DP03233	Homo sapiens
DP03235	Homo sapiens
DP03236	Homo sapiens
DP03237	Homo sapiens
DP03242	Homo sapiens
DP03245	Homo sapiens
DP03246	Homo sapiens
DP03248	Homo sapiens
DP03250	Homo sapiens
DP03251	Homo sapiens
DP03254	Homo sapiens
DP03255	Homo sapiens
DP03257	Homo sapiens
DP03259	Homo sapiens
DP03260	Homo sapiens
DP03262	Homo sapiens
DP03272	Homo sapiens
DP03279	Homo sapiens
DP03281	Homo sapiens
DP03292	Homo sapiens
DP03296	Homo sapiens
DP03299	Homo sapiens
DP03303	Homo sapiens
DP03307	Homo sapiens
DP03308	Homo sapiens
DP03309	Homo sapiens
DP03311	Homo sapiens
DP03312	Homo sapiens
DP03314	Homo sapiens
DP03324	Homo sapiens
DP03343	Homo sapiens
DP03345	Homo sapiens
DP03351	Homo sapiens
DP03358	Homo sapiens
DP03364	Homo sapiens
DP03365	Homo sapiens
DP03366	Homo sapiens
DP03369	Homo sapiens
DP03372	Homo sapiens
DP03379	Homo sapiens
DP03380	Homo sapiens
DP03382	Homo sapiens
DP03383	Homo sapiens
DP03385	Homo sapiens
DP03386	Homo sapiens
DP03387	Homo sapiens
DP03389	Homo sapiens
DP03394	Homo sapiens
DP03400	Homo sapiens
DP03403	Homo sapiens
DP03404	Homo sapiens
DP03405	Homo sapiens
DP03417	Homo sapiens
DP03418	Homo sapiens
DP03424	Homo sapiens
DP03427	Homo sapiens
DP03437	Homo sapiens
DP03446	Homo sapiens
DP03447	Homo sapiens
DP03451	Homo sapiens
DP03452	Homo sapiens
DP03453	Homo sapiens
DP03455	Homo sapiens
DP03456	Homo sapiens
DP03459	Homo sapiens
DP03490	Homo sapiens
DP03510	Homo sapiens
DP03512	Homo sapiens
DP03513	Homo sapiens
DP03514	Homo sapiens
DP03532	Homo sapiens
DP03533	Homo sapiens
DP03553	Homo sapiens
DP03554	Homo sapiens
DP03556	Homo sapiens
DP03588	Homo sapiens
DP03594	Homo sapiens
DP03619	Homo sapiens
DP03622	Homo sapiens
DP03624	Homo sapiens
DP03626	Homo sapiens
DP03627	Homo sapiens
DP03628	Homo sapiens
DP03635	Homo sapiens
DP03645	Homo sapiens
DP03650	Homo sapiens
DP03654	Homo sapiens
DP03659	Homo sapiens
DP03660	Homo sapiens
DP03661	Homo sapiens
DP03666	Homo sapiens
DP03670	Homo sapiens
DP03672	Homo sapiens
DP03680	Homo sapiens
DP03681	Homo sapiens
DP03682	Homo sapiens
DP03683	Homo sapiens
DP03687	Homo sapiens
DP03688	Homo sapiens
DP03692	Homo sapiens
DP03693	Homo sapiens
DP03694	Homo sapiens
DP03700	Homo sapiens
DP03701	Homo sapiens
DP03711	Homo sapiens
DP03713	Homo sapiens
DP03719	Homo sapiens
DP03729	Homo sapiens
DP03731	Homo sapiens
DP03733	Homo sapiens
DP03734	Homo sapiens
DP03737	Homo sapiens
DP03739	Homo sapiens
DP03743	Homo sapiens
DP03755	Homo sapiens
DP03805	Homo sapiens
DP03811	Homo sapiens
DP03816	Homo sapiens
DP03822	Homo sapiens
DP03823	Homo sapiens
DP03825	Homo sapiens
DP03829	Homo sapiens
DP03832	Homo sapiens
DP03834	Homo sapiens
DP03835	Homo sapiens
DP03836	Homo sapiens
DP03837	Homo sapiens
DP03845	Homo sapiens
DP03847	Homo sapiens
DP03848	Homo sapiens
DP03849	Homo sapiens
DP03854	Homo sapiens
DP03856	Homo sapiens
DP03857	Homo sapiens
DP03859	Homo sapiens
DP03860	Homo sapiens
DP03861	Homo sapiens
DP03863	Homo sapiens
DP03867	Homo sapiens
DP03868	Homo sapiens
DP03869	Homo sapiens
DP03875	Homo sapiens
DP03876	Homo sapiens
DP03877	Homo sapiens
DP03881	Homo sapiens
DP03884	Homo sapiens
DP03885	Homo sapiens
DP03891	Homo sapiens
DP03894	Homo sapiens
DP03896	Homo sapiens
DP03908	Homo sapiens
DP03917	Homo sapiens
DP03919	Homo sapiens
DP03926	Homo sapiens
DP03928	Homo sapiens
DP03944	Homo sapiens
DP03946	Homo sapiens
DP03952	Homo sapiens
DP03955	Homo sapiens
DP03956	Homo sapiens
DP03957	Homo sapiens
DP03960	Homo sapiens
DP03961	Homo sapiens
DP03962	Homo sapiens
DP03963	Homo sapiens
DP03964	Homo sapiens
DP03965	Homo sapiens
DP03966	Homo sapiens
DP03970	Homo sapiens
DP03975	Homo sapiens
DP03976	Homo sapiens
DP03977	Homo sapiens
DP04070	Homo sapiens
DP04077	Homo sapiens
DP04080	Homo sapiens
DP04081	Homo sapiens
DP04082	Homo sapiens
DP04093	Homo sapiens
DP04094	Homo sapiens
DP04098	Homo sapiens
DP04101	Homo sapiens
DP04104	Homo sapiens
DP04108	Homo sapiens
DP04109	Homo sapiens
DP04111	Homo sapiens
DP04115	Homo sapiens
DP04116	Homo sapiens
DP04117	Homo sapiens
DP04120	Homo sapiens
DP04123	Homo sapiens
DP04129	Homo sapiens
DP04135	Homo sapiens
DP04137	Homo sapiens
DP00008	Mus musculus
DP00111	Mus musculus
DP00129	Mus musculus
DP00142	Mus musculus
DP00291	Mus musculus
DP00335	Mus musculus
DP00340	Mus musculus
DP00341	Mus musculus
DP00348	Mus musculus
DP00384	Mus musculus
DP00397	Mus musculus
DP00435	Mus musculus
DP00462	Mus musculus
DP00564	Mus musculus
DP00655	Mus musculus
DP00661	Mus musculus
DP00708	Mus musculus
DP00742	Mus musculus
DP00815	Mus musculus
DP00836	Mus musculus
DP00968	Mus musculus
DP00974	Mus musculus
DP01022	Mus musculus
DP01073	Mus musculus
DP01183	Mus musculus
DP01190	Mus musculus
DP01281	Mus musculus
DP01304	Mus musculus
DP01316	Mus musculus
DP01323	Mus musculus
DP01492	Mus musculus
DP01562	Mus musculus
DP01592	Mus musculus
DP01612	Mus musculus
DP01752	Mus musculus
DP01794	Mus musculus
DP01879	Mus musculus
DP01993	Mus musculus
DP01999	Mus musculus
DP02001	Mus musculus
DP02151	Mus musculus
DP02314	Mus musculus
DP02410	Mus musculus
DP02412	Mus musculus
DP02426	Mus musculus
DP02451	Mus musculus
DP02456	Mus musculus
DP02478	Mus musculus
DP02517	Mus musculus
DP02528	Mus musculus
DP02534	Mus musculus
DP02542	Mus musculus
DP02569	Mus musculus
DP02570	Mus musculus
DP02573	Mus musculus
DP02579	Mus musculus
DP02625	Mus musculus
DP02626	Mus musculus
DP02635	Mus musculus
DP02636	Mus musculus
DP02638	Mus musculus
DP02659	Mus musculus
DP02672	Mus musculus
DP02681	Mus musculus
DP02683	Mus musculus
DP02695	Mus musculus
DP02723	Mus musculus
DP02756	Mus musculus
DP02791	Mus musculus
DP02800	Mus musculus
DP02802	Mus musculus
DP02805	Mus musculus
DP02810	Mus musculus
DP02811	Mus musculus
DP02817	Mus musculus
DP02820	Mus musculus
DP02830	Mus musculus
DP02837	Mus musculus
DP02853	Mus musculus
DP02864	Mus musculus
DP02870	Mus musculus
DP02873	Mus musculus
DP02882	Mus musculus
DP02892	Mus musculus
DP02896	Mus musculus
DP02956	Mus musculus
DP03014	Mus musculus
DP03043	Mus musculus
DP03067	Mus musculus
DP03082	Mus musculus
DP03156	Mus musculus
DP03174	Mus musculus
DP03177	Mus musculus
DP03197	Mus musculus
DP03198	Mus musculus
DP03277	Mus musculus
DP03367	Mus musculus
DP03381	Mus musculus
DP03409	Mus musculus
DP03411	Mus musculus
DP03420	Mus musculus
DP03555	Mus musculus
DP03625	Mus musculus
DP03695	Mus musculus
DP00434	Arabidopsis thaliana
DP00469	Arabidopsis thaliana
DP00606	Arabidopsis thaliana
DP00654	Arabidopsis thaliana
DP00657	Arabidopsis thaliana
DP00724	Arabidopsis thaliana
DP01058	Arabidopsis thaliana
DP01085	Arabidopsis thaliana
DP01180	Arabidopsis thaliana
DP01300	Arabidopsis thaliana
DP01355	Arabidopsis thaliana
DP01467	Arabidopsis thaliana
DP01776	Arabidopsis thaliana
DP01858	Arabidopsis thaliana
DP02066	Arabidopsis thaliana
DP02209	Arabidopsis thaliana
DP02225	Arabidopsis thaliana
DP02341	Arabidopsis thaliana
DP02392	Arabidopsis thaliana
DP02549	Arabidopsis thaliana
DP02575	Arabidopsis thaliana
DP02576	Arabidopsis thaliana
DP02577	Arabidopsis thaliana
DP02641	Arabidopsis thaliana
DP02642	Arabidopsis thaliana
DP02643	Arabidopsis thaliana
DP02644	Arabidopsis thaliana
DP02648	Arabidopsis thaliana
DP02660	Arabidopsis thaliana
DP02690	Arabidopsis thaliana
DP02696	Arabidopsis thaliana
DP02919	Arabidopsis thaliana
DP02961	Arabidopsis thaliana
DP02962	Arabidopsis thaliana
DP02969	Arabidopsis thaliana
DP02979	Arabidopsis thaliana
DP03093	Arabidopsis thaliana
DP03096	Arabidopsis thaliana
DP03110	Arabidopsis thaliana
DP03136	Arabidopsis thaliana
DP03137	Arabidopsis thaliana
DP03138	Arabidopsis thaliana
DP03139	Arabidopsis thaliana
DP03263	Arabidopsis thaliana
DP03265	Arabidopsis thaliana
DP03266	Arabidopsis thaliana
DP03269	Arabidopsis thaliana
DP03270	Arabidopsis thaliana
DP03283	Arabidopsis thaliana
DP03285	Arabidopsis thaliana
DP03647	Arabidopsis thaliana
DP03648	Arabidopsis thaliana
DP03651	Arabidopsis thaliana
DP03656	Arabidopsis thaliana
DP03657	Arabidopsis thaliana
DP03674	Arabidopsis thaliana
DP00613	Caenorhabditis elegans
DP01113	Caenorhabditis elegans
DP01313	Caenorhabditis elegans
DP01436	Caenorhabditis elegans
DP01558	Caenorhabditis elegans
DP02377	Caenorhabditis elegans
DP02378	Caenorhabditis elegans
DP02982	Caenorhabditis elegans
DP02984	Caenorhabditis elegans
DP02988	Caenorhabditis elegans
DP02989	Caenorhabditis elegans
DP02990	Caenorhabditis elegans
DP02999	Caenorhabditis elegans
DP03045	Caenorhabditis elegans
DP03047	Caenorhabditis elegans
DP03048	Caenorhabditis elegans
DP03049	Caenorhabditis elegans
DP03054	Caenorhabditis elegans
DP03068	Caenorhabditis elegans
DP03090	Caenorhabditis elegans
DP03102	Caenorhabditis elegans
DP03105	Caenorhabditis elegans
DP03106	Caenorhabditis elegans
DP03107	Caenorhabditis elegans
DP03218	Caenorhabditis elegans
DP03239	Caenorhabditis elegans
DP03317	Caenorhabditis elegans
DP03320	Caenorhabditis elegans
DP03335	Caenorhabditis elegans
DP03472	Caenorhabditis elegans
DP00081	Drosophila melanogaster
DP00269	Drosophila melanogaster
DP00328	Drosophila melanogaster
DP00346	Drosophila melanogaster
DP00594	Drosophila melanogaster
DP00721	Drosophila melanogaster
DP00811	Drosophila melanogaster
DP01250	Drosophila melanogaster
DP01287	Drosophila melanogaster
DP01433	Drosophila melanogaster
DP01494	Drosophila melanogaster
DP01495	Drosophila melanogaster
DP01546	Drosophila melanogaster
DP01569	Drosophila melanogaster
DP01605	Drosophila melanogaster
DP01749	Drosophila melanogaster
DP01870	Drosophila melanogaster
DP02312	Drosophila melanogaster
DP02400	Drosophila melanogaster
DP02460	Drosophila melanogaster
DP02556	Drosophila melanogaster
DP02557	Drosophila melanogaster
DP02623	Drosophila melanogaster
DP02662	Drosophila melanogaster
DP02718	Drosophila melanogaster
DP02763	Drosophila melanogaster
DP02828	Drosophila melanogaster
DP02891	Drosophila melanogaster
DP03066	Drosophila melanogaster
DP03481	Drosophila melanogaster
DP03486	Drosophila melanogaster
DP03708	Drosophila melanogaster
DP03721	Drosophila melanogaster
DP00043	Escherichia coli (strain K12)
DP00088	Escherichia coli (strain K12)
DP00089	Escherichia coli (strain K12)
DP00107	Escherichia coli (strain K12)
DP00140	Escherichia coli (strain K12)
DP00147	Escherichia coli (strain K12)
DP00161	Escherichia coli (strain K12)
DP00252	Escherichia coli (strain K12)
DP00299	Escherichia coli (strain K12)
DP00337	Escherichia coli (strain K12)
DP00349	Escherichia coli (strain K12)
DP00407	Escherichia coli (strain K12)
DP00422	Escherichia coli (strain K12)
DP00427	Escherichia coli (strain K12)
DP00578	Escherichia coli (strain K12)
DP00600	Escherichia coli (strain K12)
DP00626	Escherichia coli (strain K12)
DP00766	Escherichia coli (strain K12)
DP00896	Escherichia coli (strain K12)
DP00928	Escherichia coli (strain K12)
DP00970	Escherichia coli (strain K12)
DP00989	Escherichia coli (strain K12)
DP00991	Escherichia coli (strain K12)
DP01050	Escherichia coli (strain K12)
DP01339	Escherichia coli (strain K12)
DP01488	Escherichia coli (strain K12)
DP01496	Escherichia coli (strain K12)
DP01650	Escherichia coli (strain K12)
DP01714	Escherichia coli (strain K12)
DP01716	Escherichia coli (strain K12)
DP01729	Escherichia coli (strain K12)
DP01735	Escherichia coli (strain K12)
DP01881	Escherichia coli (strain K12)
DP01965	Escherichia coli (strain K12)
DP01981	Escherichia coli (strain K12)
DP02127	Escherichia coli (strain K12)
DP02134	Escherichia coli (strain K12)
DP02169	Escherichia coli (strain K12)
DP02201	Escherichia coli (strain K12)
DP02271	Escherichia coli (strain K12)
DP02484	Escherichia coli (strain K12)
DP02541	Escherichia coli (strain K12)
DP02548	Escherichia coli (strain K12)
DP02663	Escherichia coli (strain K12)
DP02700	Escherichia coli (strain K12)
DP02715	Escherichia coli (strain K12)
DP02716	Escherichia coli (strain K12)
DP02750	Escherichia coli (strain K12)
DP02760	Escherichia coli (strain K12)
DP02787	Escherichia coli (strain K12)
DP02827	Escherichia coli (strain K12)
DP02863	Escherichia coli (strain K12)
DP02923	Escherichia coli (strain K12)
DP02950	Escherichia coli (strain K12)
DP02985	Escherichia coli (strain K12)
DP03078	Escherichia coli (strain K12)
DP03091	Escherichia coli (strain K12)
DP03193	Escherichia coli (strain K12)
DP03213	Escherichia coli (strain K12)
DP03261	Escherichia coli (strain K12)
DP03315	Escherichia coli (strain K12)
DP03327	Escherichia coli (strain K12)
DP03330	Escherichia coli (strain K12)
DP03331	Escherichia coli (strain K12)
DP03336	Escherichia coli (strain K12)
DP03337	Escherichia coli (strain K12)
DP03341	Escherichia coli (strain K12)
DP03406	Escherichia coli (strain K12)
DP03430	Escherichia coli (strain K12)
DP03495	Escherichia coli (strain K12)
DP03500	Escherichia coli (strain K12)
DP03501	Escherichia coli (strain K12)
DP03502	Escherichia coli (strain K12)
DP03504	Escherichia coli (strain K12)
DP03662	Escherichia coli (strain K12)
DP03852	Escherichia coli (strain K12)
DP00029	Rattus norvegicus
DP00031	Rattus norvegicus
DP00049	Rattus norvegicus
DP00063	Rattus norvegicus
DP00071	Rattus norvegicus
DP00094	Rattus norvegicus
DP00122	Rattus norvegicus
DP00155	Rattus norvegicus
DP00225	Rattus norvegicus
DP00279	Rattus norvegicus
DP00449	Rattus norvegicus
DP00458	Rattus norvegicus
DP00463	Rattus norvegicus
DP00620	Rattus norvegicus
DP00622	Rattus norvegicus
DP00730	Rattus norvegicus
DP01127	Rattus norvegicus
DP01139	Rattus norvegicus
DP01141	Rattus norvegicus
DP01176	Rattus norvegicus
DP01499	Rattus norvegicus
DP01501	Rattus norvegicus
DP01555	Rattus norvegicus
DP01557	Rattus norvegicus
DP01850	Rattus norvegicus
DP01937	Rattus norvegicus
DP01994	Rattus norvegicus
DP01996	Rattus norvegicus
DP02138	Rattus norvegicus
DP02422	Rattus norvegicus
DP02429	Rattus norvegicus
DP02461	Rattus norvegicus
DP02535	Rattus norvegicus
DP02610	Rattus norvegicus
DP02646	Rattus norvegicus
DP02653	Rattus norvegicus
DP02743	Rattus norvegicus
DP02887	Rattus norvegicus
DP02910	Rattus norvegicus
DP02980	Rattus norvegicus
DP03052	Rattus norvegicus
DP03080	Rattus norvegicus
DP03129	Rattus norvegicus
DP03346	Rattus norvegicus
DP03354	Rattus norvegicus
DP03507	Rattus norvegicus
DP00009	Saccharomyces cerevisiae (strain ATCC 204508 / S288c)
DP00020	Saccharomyces cerevisiae (strain ATCC 204508 / S288c)
DP00076	Saccharomyces cerevisiae (strain ATCC 204508 / S288c)
DP00082	Saccharomyces cerevisiae (strain ATCC 204508 / S288c)
DP00113	Saccharomyces cerevisiae (strain ATCC 204508 / S288c)
DP00135	Saccharomyces cerevisiae (strain ATCC 204508 / S288c)
DP00163	Saccharomyces cerevisiae (strain ATCC 204508 / S288c)
DP00164	Saccharomyces cerevisiae (strain ATCC 204508 / S288c)
DP00179	Saccharomyces cerevisiae (strain ATCC 204508 / S288c)
DP00222	Saccharomyces cerevisiae (strain ATCC 204508 / S288c)
DP00398	Saccharomyces cerevisiae (strain ATCC 204508 / S288c)
DP00423	Saccharomyces cerevisiae (strain ATCC 204508 / S288c)
DP00487	Saccharomyces cerevisiae (strain ATCC 204508 / S288c)
DP00625	Saccharomyces cerevisiae (strain ATCC 204508 / S288c)
DP00631	Saccharomyces cerevisiae (strain ATCC 204508 / S288c)
DP00687	Saccharomyces cerevisiae (strain ATCC 204508 / S288c)
DP00771	Saccharomyces cerevisiae (strain ATCC 204508 / S288c)
DP00788	Saccharomyces cerevisiae (strain ATCC 204508 / S288c)
DP00818	Saccharomyces cerevisiae (strain ATCC 204508 / S288c)
DP00853	Saccharomyces cerevisiae (strain ATCC 204508 / S288c)
DP00872	Saccharomyces cerevisiae (strain ATCC 204508 / S288c)
DP00884	Saccharomyces cerevisiae (strain ATCC 204508 / S288c)
DP00900	Saccharomyces cerevisiae (strain ATCC 204508 / S288c)
DP00994	Saccharomyces cerevisiae (strain ATCC 204508 / S288c)
DP01014	Saccharomyces cerevisiae (strain ATCC 204508 / S288c)
DP01075	Saccharomyces cerevisiae (strain ATCC 204508 / S288c)
DP01076	Saccharomyces cerevisiae (strain ATCC 204508 / S288c)
DP01077	Saccharomyces cerevisiae (strain ATCC 204508 / S288c)
DP01079	Saccharomyces cerevisiae (strain ATCC 204508 / S288c)
DP01135	Saccharomyces cerevisiae (strain ATCC 204508 / S288c)
DP01185	Saccharomyces cerevisiae (strain ATCC 204508 / S288c)
DP01196	Saccharomyces cerevisiae (strain ATCC 204508 / S288c)
DP01237	Saccharomyces cerevisiae (strain ATCC 204508 / S288c)
DP01320	Saccharomyces cerevisiae (strain ATCC 204508 / S288c)
DP01392	Saccharomyces cerevisiae (strain ATCC 204508 / S288c)
DP01471	Saccharomyces cerevisiae (strain ATCC 204508 / S288c)
DP01502	Saccharomyces cerevisiae (strain ATCC 204508 / S288c)
DP01503	Saccharomyces cerevisiae (strain ATCC 204508 / S288c)
DP01513	Saccharomyces cerevisiae (strain ATCC 204508 / S288c)
DP01515	Saccharomyces cerevisiae (strain ATCC 204508 / S288c)
DP01516	Saccharomyces cerevisiae (strain ATCC 204508 / S288c)
DP01559	Saccharomyces cerevisiae (strain ATCC 204508 / S288c)
DP01584	Saccharomyces cerevisiae (strain ATCC 204508 / S288c)
DP01593	Saccharomyces cerevisiae (strain ATCC 204508 / S288c)
DP01604	Saccharomyces cerevisiae (strain ATCC 204508 / S288c)
DP01623	Saccharomyces cerevisiae (strain ATCC 204508 / S288c)
DP01628	Saccharomyces cerevisiae (strain ATCC 204508 / S288c)
DP01631	Saccharomyces cerevisiae (strain ATCC 204508 / S288c)
DP01732	Saccharomyces cerevisiae (strain ATCC 204508 / S288c)
DP01744	Saccharomyces cerevisiae (strain ATCC 204508 / S288c)
DP01775	Saccharomyces cerevisiae (strain ATCC 204508 / S288c)
DP01825	Saccharomyces cerevisiae (strain ATCC 204508 / S288c)
DP01840	Saccharomyces cerevisiae (strain ATCC 204508 / S288c)
DP01867	Saccharomyces cerevisiae (strain ATCC 204508 / S288c)
DP01890	Saccharomyces cerevisiae (strain ATCC 204508 / S288c)
DP01978	Saccharomyces cerevisiae (strain ATCC 204508 / S288c)
DP02033	Saccharomyces cerevisiae (strain ATCC 204508 / S288c)
DP02050	Saccharomyces cerevisiae (strain ATCC 204508 / S288c)
DP02055	Saccharomyces cerevisiae (strain ATCC 204508 / S288c)
DP02073	Saccharomyces cerevisiae (strain ATCC 204508 / S288c)
DP02144	Saccharomyces cerevisiae (strain ATCC 204508 / S288c)
DP02145	Saccharomyces cerevisiae (strain ATCC 204508 / S288c)
DP02158	Saccharomyces cerevisiae (strain ATCC 204508 / S288c)
DP02159	Saccharomyces cerevisiae (strain ATCC 204508 / S288c)
DP02193	Saccharomyces cerevisiae (strain ATCC 204508 / S288c)
DP02249	Saccharomyces cerevisiae (strain ATCC 204508 / S288c)
DP02295	Saccharomyces cerevisiae (strain ATCC 204508 / S288c)
DP02324	Saccharomyces cerevisiae (strain ATCC 204508 / S288c)
DP02326	Saccharomyces cerevisiae (strain ATCC 204508 / S288c)
DP02355	Saccharomyces cerevisiae (strain ATCC 204508 / S288c)
DP02395	Saccharomyces cerevisiae (strain ATCC 204508 / S288c)
DP02448	Saccharomyces cerevisiae (strain ATCC 204508 / S288c)
DP02464	Saccharomyces cerevisiae (strain ATCC 204508 / S288c)
DP02466	Saccharomyces cerevisiae (strain ATCC 204508 / S288c)
DP02476	Saccharomyces cerevisiae (strain ATCC 204508 / S288c)
DP02481	Saccharomyces cerevisiae (strain ATCC 204508 / S288c)
DP02513	Saccharomyces cerevisiae (strain ATCC 204508 / S288c)
DP02519	Saccharomyces cerevisiae (strain ATCC 204508 / S288c)
DP02527	Saccharomyces cerevisiae (strain ATCC 204508 / S288c)
DP02544	Saccharomyces cerevisiae (strain ATCC 204508 / S288c)
DP02562	Saccharomyces cerevisiae (strain ATCC 204508 / S288c)
DP02589	Saccharomyces cerevisiae (strain ATCC 204508 / S288c)
DP02671	Saccharomyces cerevisiae (strain ATCC 204508 / S288c)
DP02721	Saccharomyces cerevisiae (strain ATCC 204508 / S288c)
DP02722	Saccharomyces cerevisiae (strain ATCC 204508 / S288c)
DP02736	Saccharomyces cerevisiae (strain ATCC 204508 / S288c)
DP02751	Saccharomyces cerevisiae (strain ATCC 204508 / S288c)
DP02752	Saccharomyces cerevisiae (strain ATCC 204508 / S288c)
DP02767	Saccharomyces cerevisiae (strain ATCC 204508 / S288c)
DP02769	Saccharomyces cerevisiae (strain ATCC 204508 / S288c)
DP02784	Saccharomyces cerevisiae (strain ATCC 204508 / S288c)
DP02808	Saccharomyces cerevisiae (strain ATCC 204508 / S288c)
DP02826	Saccharomyces cerevisiae (strain ATCC 204508 / S288c)
DP02847	Saccharomyces cerevisiae (strain ATCC 204508 / S288c)
DP02848	Saccharomyces cerevisiae (strain ATCC 204508 / S288c)
DP02908	Saccharomyces cerevisiae (strain ATCC 204508 / S288c)
DP02917	Saccharomyces cerevisiae (strain ATCC 204508 / S288c)
DP03008	Saccharomyces cerevisiae (strain ATCC 204508 / S288c)
DP03494	Saccharomyces cerevisiae (strain ATCC 204508 / S288c)
DP03496	Saccharomyces cerevisiae (strain ATCC 204508 / S288c)
DP03506	Saccharomyces cerevisiae (strain ATCC 204508 / S288c)
DP03591	Saccharomyces cerevisiae (strain ATCC 204508 / S288c)
DP03596	Saccharomyces cerevisiae (strain ATCC 204508 / S288c)
DP03597	Saccharomyces cerevisiae (strain ATCC 204508 / S288c)
DP03621	Saccharomyces cerevisiae (strain ATCC 204508 / S288c)
DP03665	Saccharomyces cerevisiae (strain ATCC 204508 / S288c)
DP03684	Saccharomyces cerevisiae (strain ATCC 204508 / S288c)
DP03685	Saccharomyces cerevisiae (strain ATCC 204508 / S288c)
DP03715	Saccharomyces cerevisiae (strain ATCC 204508 / S288c)
DP03716	Saccharomyces cerevisiae (strain ATCC 204508 / S288c)
DP03717	Saccharomyces cerevisiae (strain ATCC 204508 / S288c)
